First Name,LastName,Email,Gender,Age,Job Title,YearsOfExperience,Salary,Department
Jose,Lopez,joselopez0944@slingacademy.com,male,25,Project Manager,1,8500,Product
Diane,Carter,dianecarter1228@slingacademy.com,female,26,Machine Learning Engineer,2,7000,Product
Shawn,Foster,shawnfoster2695@slingacademy.com,male,37,Project Manager,14,17000,Product
Brenda,Fisher,brendafisher3185@slingacademy.com,female,31,Web Developer,8,10000,Product
Sean,Hunter,seanhunter4753@slingacademy.com,male,35,Project Manager,11,14500,Product
Joshua,Jacobs,joshuajacobs5904@slingacademy.com,male,28,Project Manager,3,10500,Product
Brianna,Marshall,briannamarshall6438@slingacademy.com,F,33,Machine Learning Engineer,10,11000,Product
John,Tate,johntate7881@slingacademy.com,male,33,Mobile Developer,10,11000,product
Jillian,Byrd,jillianbyrd8170@slingacademy.com,female,34,Web Developer,10,11000,Product
Melanie,Sharp,melaniesharp9256@slingacademy.com,female,41,Web Developer,15,14500,Product
Brandy,Mckee,brandymckee10500@slingacademy.com,F,37,Web Developer,14,14000,Product
Robert,Simpson,robertsimpson11778@slingacademy.com,male,36,DevOps Engineer,12,15000,Product
George,Mckenzie,georgemckenzie12384@slingacademy.com,male,28,Machine Learning Engineer,4,10000,Product
Joseph,Smith,josephsmith13724@slingacademy.com,male,40,Machine Learning Engineer,14,14000,Product
Dana,Crawford,danacrawford14310@slingacademy.com,female,32,Project Manager,8,12000,Product
Christopher,Benson,christopherbenson15937@slingacademy.com,M,29,Web Developer,5,7500,Product
Nicole,Smith,nicolesmith16360@slingacademy.com,female,26,Designer,4,10000,Product
Peter,Jimenez,peterjimenez17791@slingacademy.com,male,28,Mobile Developer,3,6500,product
Sergio,Boyle,sergioboyle18425@slingacademy.com,male,31,Tester,6,9000,Product
Brianna,Moss,briannamoss19517@slingacademy.com,female,31,Designer,5,10500,Product
Taylor,Garner,taylorgarner20196@slingacademy.com,female,32,Machine Learning Engineer,6,11000,Product
Michael,Padilla,michaelpadilla21381@slingacademy.com,M,29,Tester,5,9500,Product
Yvette,Walker,yvettewalker22744@slingacademy.com,female,26,Designer,2,7000,Product
Kristina,Pena,kristinapena23750@slingacademy.com,female,34,DevOps Engineer,11,12500,Product
Vanessa,Reynolds,vanessareynolds24710@slingacademy.com,female,36,Machine Learning Engineer,10,13000,Product
Robert,Suarez,robertsuarez25924@slingacademy.com,male,33,Tester,9,9500,Product
Tammy,Ellis,tammyellis26570@slingacademy.com,female,37,HR Staff,14,14000,Human Resource
Rodney,Porter,rodneyporter27496@slingacademy.com,male,28,DevOps Engineer,3,9500,Product
David,Reyes,davidreyes28592@slingacademy.com,male,25,Designer,2,7000,Product
Brian,Kirby,briankirby29574@slingacademy.com,male,31,Machine Learning Engineer,8,10000,Product
Tammy,Walker,tammywalker30386@slingacademy.com,female,31,Web Developer,7,8500,Product
Angela,Stewart,angelastewart31951@slingacademy.com,female,34,HR Manager,10,10000,Human Resource
Susan,Parker,susanparker32865@slingacademy.com,female,25,DevOps Engineer,3,8500,Product
Robert,Hogan,roberthogan33599@slingacademy.com,male,24,Tester,2,7000,Product
Dawn,Pham,dawnpham34908@slingacademy.com,female,27,Designer,4,9000,Product
Karen,Duke,karenduke35869@slingacademy.com,female,29,DevOps Engineer,6,11000,Product
Julian,Thompson,julianthompson36437@slingacademy.com,male,28,Machine Learning Engineer,4,7000,Product
Daisy,Perry,daisyperry37789@slingacademy.com,female,30,Tester,5,9500,Product
Sarah,Smith,sarahsmith38793@slingacademy.com,female,24,Machine Learning Engineer,2,6000,Product
Eric,Randolph,ericrandolph39291@slingacademy.com,male,29,Designer,5,8500,Product
William,Keller,williamkeller40838@slingacademy.com,male,30,Web Developer,4,8000,Product
George,Salas,georgesalas41217@slingacademy.com,male,35,Web Developer,11,10500,Product
Alyssa,Archer,alyssaarcher42600@slingacademy.com,female,35,DevOps Engineer,13,15500,Product
Daniel,Wagner,danielwagner43907@slingacademy.com,male,35,HR Manager,11,12500,Human Resource
David,Howard,davidhoward44518@slingacademy.com,male,33,Machine Learning Engineer,9,11500,Product
Brett,Friedman,brettfriedman45236@slingacademy.com,male,34,HR Manager,10,10000,Human Resource
Shaun,Harris,shaunharris46875@slingacademy.com,male,23,Designer,1,6500,Product
Jason,Morris,jasonmorris47229@slingacademy.com,male,28,DevOps Engineer,5,9500,Product
Jesse,Mcdaniel,jessemcdaniel48348@slingacademy.com,male,35,Mobile Developer,11,11500,Product
Jessica,Torres,jessicatorres49971@slingacademy.com,female,33,HR Manager,7,9500,Human Resource
Bradley,Garcia,bradleygarcia50896@slingacademy.com,male,29,Designer,3,6500,Product
Christopher,Walker,christopherwalker51808@slingacademy.com,male,25,Mobile Developer,1,5500,Product
Jason,Boyd,jasonboyd52182@slingacademy.com,male,39,Designer,14,15000,Product
Colleen,Cooper,colleencooper53362@slingacademy.com,female,32,Machine Learning Engineer,7,10500,Product
Laurie,Robinson,laurierobinson54980@slingacademy.com,female,38,Mobile Developer,15,13500,Product
Tiffany,Novak,tiffanynovak55365@slingacademy.com,female,35,Mobile Developer,12,12000,product
Sophia,Coleman,sophiacoleman56563@slingacademy.com,female,40,Tester,15,13500,Product
Jodi,Harris,jodiharris57145@slingacademy.com,female,34,DevOps Engineer,9,13500,Product
Michael,Calhoun,michaelcalhoun58176@slingacademy.com,male,23,Web Developer,1,7500,Product
Aaron,Tran,aarontran59178@slingacademy.com,male,40,DevOps Engineer,15,16500,Product
Karen,Aguirre,karenaguirre60547@slingacademy.com,female,36,Web Developer,13,13500,Product
Danielle,Morrison,daniellemorrison61394@slingacademy.com,female,31,HR Manager,7,9500,Human Resource
Amanda,Thomas,amandathomas62614@slingacademy.com,female,28,Web Developer,6,9000,Product
Sarah,Spencer,sarahspencer63772@slingacademy.com,female,36,Tester,14,14000,Product
Jessica,Ho,jessicaho64531@slingacademy.com,female,34,DevOps Engineer,10,12000,Product
Kristy,Rhodes,kristyrhodes65269@slingacademy.com,female,40,Web Developer,15,13500,Product
Joseph,Hobbs,josephhobbs66797@slingacademy.com,male,26,Mobile Developer,1,7500,Product
Allison,Matthews,allisonmatthews67756@slingacademy.com,female,35,Web Developer,12,12000,Product
James,Phillips,jamesphillips68522@slingacademy.com,male,40,Web Developer,15,14500,Product
Philip,Thomas,philipthomas69207@slingacademy.com,male,38,DevOps Engineer,12,15000,Product
Dawn,Walker,dawnwalker70868@slingacademy.com,female,31,Mobile Developer,6,10000,Product
Denise,Lopez,deniselopez71911@slingacademy.com,female,31,Designer,5,9500,Product
Gregory,House,gregoryhouse72945@slingacademy.com,male,34,HR Manager,9,9500,Human Resource
Stacie,Diaz,staciediaz73929@slingacademy.com,female,31,Machine Learning Engineer,6,11000,Product
Barbara,Burns,barbaraburns74284@slingacademy.com,female,33,Web Developer,11,10500,Product
Jessica,Cortez,jessicacortez75317@slingacademy.com,female,39,Tester,14,12000,Product
Daniel,Hernandez,danielhernandez76747@slingacademy.com,male,33,Tester,7,9500,Product
Eugene,Diaz,eugenediaz77610@slingacademy.com,male,29,Machine Learning Engineer,3,9500,Product
Earl,Nelson,earlnelson78644@slingacademy.com,male,34,Web Developer,11,12500,Product
Elizabeth,Jackson,elizabethjackson79562@slingacademy.com,female,28,HR Staff,3,8500,human resource
John,Martinez,johnmartinez80595@slingacademy.com,male,26,Web Developer,4,7000,Product
Wesley,Shaw,wesleyshaw81546@slingacademy.com,male,26,Mobile Developer,1,6500,Product
Michael,Davila,michaeldavila82958@slingacademy.com,male,40,DevOps Engineer,14,16000,Product
Heidi,Hill,heidihill83123@slingacademy.com,female,40,Tester,15,12500,Product
Yvonne,Bass,yvonnebass84513@slingacademy.com,female,33,Tester,8,9000,Product
Jamie,Jones,jamiejones85266@slingacademy.com,female,24,Web Developer,1,6500,Product
Brady,Washington,bradywashington86649@slingacademy.com,male,23,Designer,1,5500,Product
Michael,Rivera,michaelrivera87962@slingacademy.com,male,29,Web Developer,3,6500,Product
Angela,Morales,angelamorales88595@slingacademy.com,female,28,Web Developer,4,9000,Product
Larry,Moore,larrymoore89266@slingacademy.com,male,28,Web Developer,5,7500,Product
Veronica,Oliver,veronicaoliver90922@slingacademy.com,female,25,Tester,2,7000,Product
Clayton,Smith,claytonsmith91214@slingacademy.com,male,27,Mobile Developer,2,6000,Product
Tamara,Randall,tamararandall92432@slingacademy.com,female,32,Mobile Developer,10,11000,Product
Amy,Vaughn,amyvaughn93722@slingacademy.com,female,28,Designer,5,11500,Product
Larry,Chapman,larrychapman94932@slingacademy.com,male,35,Designer,12,12000,Product
Eugene,Mcintyre,eugenemcintyre95994@slingacademy.com,male,25,HR Manager,2,7000,Human Resource
Patricia,Suarez,patriciasuarez96379@slingacademy.com,female,41,Designer,15,16500,Product
Melissa,Vasquez,melissavasquez97165@slingacademy.com,female,35,DevOps Engineer,10,12000,Product
Stephanie,Hodges,stephaniehodges98715@slingacademy.com,female,38,Web Developer,14,14000,Product
Brian,Watkins,brianwatkins99160@slingacademy.com,male,32,Web Developer,10,11000,Product
Zachary,Ellis,zacharyellis100141@slingacademy.com,male,34,Tester,12,12000,Product
Mark,Maxwell,markmaxwell101603@slingacademy.com,male,28,Tester,4,9000,Product
Jill,Farmer,jillfarmer102620@slingacademy.com,female,26,DevOps Engineer,4,9000,Product
Rhonda,Park,rhondapark103796@slingacademy.com,female,35,DevOps Engineer,12,13000,Product
Jessica,Park,jessicapark104881@slingacademy.com,female,26,HR Staff,1,5500,Human Resource
Keith,Bender,keithbender105366@slingacademy.com,male,35,Machine Learning Engineer,10,10000,Product
Andrew,Silva,andrewsilva106948@slingacademy.com,male,35,HR Manager,12,11000,Human Resource
John,Escobar,johnescobar107306@slingacademy.com,male,34,Mobile Developer,8,10000,Product
Savannah,Woods,savannahwoods108924@slingacademy.com,female,23,Web Developer,1,5500,Product
Cameron,Solis,cameronsolis109983@slingacademy.com,male,36,Machine Learning Engineer,14,14000,Product
Patrick,Johnson,patrickjohnson110856@slingacademy.com,male,36,Tester,12,13000,Product
Nathan,Oconnor,nathanoconnor111395@slingacademy.com,male,37,Mobile Developer,11,11500,Product
Felicia,Fox,feliciafox112789@slingacademy.com,female,38,Web Developer,12,11000,Product
Nicole,Davis,nicoledavis113588@slingacademy.com,female,26,Web Developer,1,5500,Product
Gregory,Kirk,gregorykirk114408@slingacademy.com,male,39,Machine Learning Engineer,13,11500,Product
Ashley,Carrillo,ashleycarrillo115726@slingacademy.com,female,37,Tester,12,12000,Product
Brandon,White,brandonwhite116729@slingacademy.com,male,31,Machine Learning Engineer,7,8500,Product
Joshua,Miles,joshuamiles117429@slingacademy.com,male,29,Web Developer,5,7500,Product
Gabriel,Shannon,gabrielshannon118996@slingacademy.com,male,33,DevOps Engineer,11,13500,Product
Charles,Chan,charleschan119980@slingacademy.com,male,26,Machine Learning Engineer,2,7000,Product
Stephanie,Hill,stephaniehill120240@slingacademy.com,female,38,DevOps Engineer,15,15500,Product
Brian,Kelly,briankelly121771@slingacademy.com,male,38,DevOps Engineer,12,15000,Product
Susan,Lopez,susanlopez122522@slingacademy.com,female,30,Machine Learning Engineer,8,9000,Product
Logan,Edwards,loganedwards123515@slingacademy.com,male,36,Designer,14,16000,Product
Ryan,Young,ryanyoung124775@slingacademy.com,male,36,DevOps Engineer,13,15500,Product
Rebecca,Crawford,rebeccacrawford125111@slingacademy.com,female,37,Web Developer,13,11500,Product
Leslie,Sullivan,lesliesullivan126504@slingacademy.com,female,40,Tester,15,12500,Product
Andrew,Carey,andrewcarey127127@slingacademy.com,male,24,DevOps Engineer,1,9500,Product
Richard,Sawyer,richardsawyer128529@slingacademy.com,male,30,Mobile Developer,8,11000,Product
Garrett,Nguyen,garrettnguyen129713@slingacademy.com,male,36,Machine Learning Engineer,13,11500,Product
Cody,Zuniga,codyzuniga130555@slingacademy.com,male,35,DevOps Engineer,13,15500,Product
James,Johnson,jamesjohnson131504@slingacademy.com,male,31,Tester,9,9500,Product
Jamie,Ruiz,jamieruiz132870@slingacademy.com,female,27,Tester,4,7000,Product
Brandi,Evans,brandievans133450@slingacademy.com,female,29,Tester,5,8500,Product
Jennifer,Obrien,jenniferobrien134415@slingacademy.com,female,40,Mobile Developer,14,12000,Product
Whitney,Espinoza,whitneyespinoza135280@slingacademy.com,female,29,Machine Learning Engineer,7,11500,Product
Brandon,Rosario,brandonrosario136801@slingacademy.com,male,26,Mobile Developer,4,8000,Product
Jennifer,Rhodes,jenniferrhodes137946@slingacademy.com,female,29,Web Developer,4,8000,Product
Jordan,Michael,jordanmichael138385@slingacademy.com,female,27,Mobile Developer,3,7500,Product
James,Knight,jamesknight139390@slingacademy.com,male,26,Web Developer,3,8500,Product
Michelle,Ramirez,michelleramirez140449@slingacademy.com,female,27,Machine Learning Engineer,3,8500,Product
Peter,Mercado,petermercado141760@slingacademy.com,male,33,Mobile Developer,11,12500,Product
Jason,George,jasongeorge142858@slingacademy.com,male,25,Machine Learning Engineer,2,9000,Product
John,Arroyo,johnarroyo143863@slingacademy.com,male,31,Machine Learning Engineer,5,7500,Product
Ashley,Mccann,ashleymccann144440@slingacademy.com,female,32,Web Developer,8,11000,Product
John,Robinson,johnrobinson145915@slingacademy.com,male,31,DevOps Engineer,8,12000,Product
Michael,Clark,michaelclark146199@slingacademy.com,male,32,Web Developer,6,8000,Product
Julia,Howe,juliahowe147145@slingacademy.com,female,33,Web Developer,8,9000,Product
John,Roy,johnroy148826@slingacademy.com,male,31,DevOps Engineer,9,11500,Product
Paul,Nguyen,paulnguyen149760@slingacademy.com,male,39,Mobile Developer,14,12000,Product
Chelsea,Lewis,chelsealewis150888@slingacademy.com,female,32,DevOps Engineer,10,13000,Product
Austin,Bell,austinbell151766@slingacademy.com,male,40,DevOps Engineer,15,16500,Product
Paul,Allen,paulallen152619@slingacademy.com,male,28,Mobile Developer,2,8000,Product
Gary,Oliver,garyoliver153551@slingacademy.com,male,29,Mobile Developer,4,7000,Product
Diana,Bowers,dianabowers154842@slingacademy.com,female,29,Web Developer,3,7500,Product
Cody,Peters,codypeters155367@slingacademy.com,male,39,Mobile Developer,15,13500,Product
Cameron,Gonzalez,camerongonzalez156781@slingacademy.com,male,35,DevOps Engineer,13,14500,Product
Shelia,Benson,sheliabenson157744@slingacademy.com,female,26,Mobile Developer,3,6500,Product
Jacqueline,Brooks,jacquelinebrooks158463@slingacademy.com,female,33,DevOps Engineer,10,14000,Product
William,Turner,williamturner159974@slingacademy.com,male,33,Web Developer,11,12500,Product
Lisa,Logan,lisalogan160552@slingacademy.com,female,37,Web Developer,15,12500,Product
Jeffery,Jones,jefferyjones161216@slingacademy.com,male,37,Mobile Developer,12,12000,Product
Scott,Li,scottli162771@slingacademy.com,male,30,Mobile Developer,5,8500,Product
Chad,Roberson,chadroberson163525@slingacademy.com,male,34,Mobile Developer,8,11000,Product
Ariana,Hernandez,arianahernandez164467@slingacademy.com,female,28,Web Developer,6,8000,Product
Wanda,Forbes,wandaforbes165141@slingacademy.com,female,29,Mobile Developer,7,10500,Product
Edwin,Cortez,edwincortez166250@slingacademy.com,male,33,Web Developer,9,9500,Product
Sharon,Smith,sharonsmith167760@slingacademy.com,female,34,DevOps Engineer,8,11000,Product
Sherry,Oliver,sherryoliver168772@slingacademy.com,female,33,DevOps Engineer,7,11500,Product
Eric,Moses,ericmoses169891@slingacademy.com,male,36,Web Developer,12,12000,Product
James,Ruiz,jamesruiz170534@slingacademy.com,male,27,Mobile Developer,3,8500,Product
Julie,Barber,juliebarber171592@slingacademy.com,female,27,DevOps Engineer,1,7500,Product
Becky,Mcpherson,beckymcpherson172514@slingacademy.com,female,28,Web Developer,5,7500,Product
Nicole,Aguilar,nicoleaguilar173929@slingacademy.com,female,26,Web Developer,1,7500,Product
Melissa,Lee,melissalee174832@slingacademy.com,female,32,Mobile Developer,9,9500,Product
Ariana,Cochran,arianacochran175831@slingacademy.com,female,36,Web Developer,10,12000,Product
Lisa,Carpenter,lisacarpenter176388@slingacademy.com,female,32,Mobile Developer,9,9500,Product
Julie,Wilson,juliewilson177313@slingacademy.com,female,28,Mobile Developer,4,7000,Product
Martin,Crawford,martincrawford178513@slingacademy.com,male,23,Mobile Developer,1,5500,Product
Daniel,Peterson,danielpeterson179804@slingacademy.com,male,27,DevOps Engineer,5,10500,Product
Eric,Lambert,ericlambert180283@slingacademy.com,male,36,Mobile Developer,10,10000,Product
Marcia,Huerta,marciahuerta181175@slingacademy.com,female,32,Web Developer,6,8000,Product
Jason,Ortiz,jasonortiz182754@slingacademy.com,male,33,Mobile Developer,9,9500,Product
Keith,Thomas,keiththomas183439@slingacademy.com,male,28,Mobile Developer,5,9500,Product
Sarah,Freeman,sarahfreeman184758@slingacademy.com,female,32,DevOps Engineer,9,13500,Product
Michael,Galvan,michaelgalvan185989@slingacademy.com,male,28,Web Developer,2,8000,Product
Michael,Warner,michaelwarner186194@slingacademy.com,male,29,Mobile Developer,5,7500,Product
Larry,Thompson,larrythompson187420@slingacademy.com,male,39,Web Developer,14,12000,Product
James,Miller,jamesmiller188412@slingacademy.com,male,37,Mobile Developer,15,13500,Product
James,Steele,jamessteele189191@slingacademy.com,male,35,Web Developer,10,10000,Product
Joseph,Beck,josephbeck190237@slingacademy.com,male,35,Mobile Developer,11,12500,Product
Wayne,Cohen,waynecohen191993@slingacademy.com,male,31,Web Developer,8,11000,Product
Bailey,Reilly,baileyreilly192786@slingacademy.com,female,26,Mobile Developer,1,5500,Product
Yolanda,Smith,yolandasmith193826@slingacademy.com,female,30,Mobile Developer,7,10500,Product
Kathleen,Leblanc,kathleenleblanc194890@slingacademy.com,female,29,Web Developer,4,9000,Product
Christina,Garza,christinagarza195263@slingacademy.com,female,27,DevOps Engineer,4,9000,Product
Jennifer,Jarvis,jenniferjarvis196139@slingacademy.com,female,28,Mobile Developer,6,9000,Product
Jesse,Smith,jessesmith197279@slingacademy.com,male,37,Web Developer,11,12500,Product
Melissa,Richardson,melissarichardson198110@slingacademy.com,female,29,Mobile Developer,5,9500,Product
Michele,Stewart,michelestewart199951@slingacademy.com,female,29,DevOps Engineer,7,12500,Product
Jeremy,Gilbert,jeremygilbert200282@slingacademy.com,male,29,Mobile Developer,4,9000,Product
Kevin,Valentine,kevinvalentine201488@slingacademy.com,male,33,Web Developer,10,11000,Product
Suzanne,Hurst,suzannehurst202425@slingacademy.com,female,26,Mobile Developer,3,7500,Product
Janet,Stephens,janetstephens203449@slingacademy.com,female,36,Web Developer,14,12000,Product
Michael,Hoover,michaelhoover204983@slingacademy.com,male,38,DevOps Engineer,13,15500,Product
Terry,Jones,terryjones205228@slingacademy.com,male,34,Web Developer,10,12000,Product
Breanna,Love,breannalove206374@slingacademy.com,female,26,Web Developer,2,8000,Product
Elijah,Mcguire,elijahmcguire207166@slingacademy.com,male,28,Web Developer,2,8000,Product
Paige,Bell,paigebell208379@slingacademy.com,female,34,Mobile Developer,10,12000,Product
Lauren,Logan,laurenlogan209754@slingacademy.com,female,29,Web Developer,3,6500,Product
Gary,Watson,garywatson210844@slingacademy.com,male,35,Mobile Developer,12,12000,Product
Andrea,Miller,andreamiller211593@slingacademy.com,female,38,Web Developer,13,13500,Product
Stephen,Anderson,stephenanderson212709@slingacademy.com,male,29,Web Developer,6,10000,Product
Erica,Montgomery,ericamontgomery213699@slingacademy.com,female,26,Web Developer,2,8000,Product
Mitchell,Olson,mitchellolson214954@slingacademy.com,male,25,Mobile Developer,3,7500,Product
Brenda,Leonard,brendaleonard215112@slingacademy.com,female,23,Mobile Developer,1,7500,Product
Sandra,Scott,sandrascott216500@slingacademy.com,female,28,Web Developer,5,8500,Product
Terry,Jackson,terryjackson217122@slingacademy.com,male,39,Web Developer,14,13000,Product
John,Palmer,johnpalmer218164@slingacademy.com,male,37,Mobile Developer,14,14000,Product
Brenda,Tapia,brendatapia219999@slingacademy.com,female,37,Web Developer,11,11500,Product
Donald,Gordon,donaldgordon220327@slingacademy.com,male,32,Mobile Developer,6,9000,Product
David,Long,davidlong221467@slingacademy.com,male,33,Mobile Developer,11,11500,Product
Michael,Pratt,michaelpratt222638@slingacademy.com,male,38,Mobile Developer,12,12000,Product
Jessica,West,jessicawest223110@slingacademy.com,female,32,Mobile Developer,10,12000,Product
David,Jennings,davidjennings224703@slingacademy.com,male,41,Web Developer,15,12500,Product
Alicia,Perry,aliciaperry225119@slingacademy.com,female,27,Mobile Developer,1,7500,Product
Karen,Marsh,karenmarsh226577@slingacademy.com,female,28,Web Developer,3,7500,Product
Richard,Holder,richardholder227991@slingacademy.com,male,35,Web Developer,10,11000,Product
Ryan,Ponce,ryanponce228931@slingacademy.com,male,33,Mobile Developer,7,9500,Product
Eddie,Riley,eddieriley229421@slingacademy.com,male,25,Mobile Developer,1,7500,Product
Zachary,Scott,zacharyscott230288@slingacademy.com,male,27,Mobile Developer,2,8000,Product
Kenneth,Nelson,kennethnelson231464@slingacademy.com,male,32,Mobile Developer,8,10000,Product
Edgar,Lane,edgarlane232635@slingacademy.com,male,28,Web Developer,6,10000,Product
Jeremy,Cox,jeremycox233206@slingacademy.com,male,31,Web Developer,5,9500,Product
Rhonda,Hernandez,rhondahernandez234932@slingacademy.com,female,37,Mobile Developer,15,14500,Product
Ashley,Gilbert,ashleygilbert235162@slingacademy.com,female,33,Mobile Developer,9,11500,Product
Shawn,Shaw,shawnshaw236298@slingacademy.com,male,36,Mobile Developer,13,12500,Product
Ryan,Davis,ryandavis237462@slingacademy.com,male,29,Mobile Developer,3,8500,Product
Kristin,Bradley,kristinbradley238626@slingacademy.com,female,34,Web Developer,12,11000,Product
Christopher,Drake,christopherdrake239403@slingacademy.com,male,31,Mobile Developer,9,9500,Product
Justin,Clark,justinclark240285@slingacademy.com,male,30,Web Developer,8,11000,Product
Scott,Owens,scottowens241483@slingacademy.com,male,35,Web Developer,11,12500,Product
Rebecca,Nelson,rebeccanelson242256@slingacademy.com,female,23,Mobile Developer,1,7500,Product
Erin,Green,eringreen243810@slingacademy.com,female,23,Web Developer,1,6500,Product
Paul,Page,paulpage244408@slingacademy.com,male,26,Mobile Developer,1,5500,Product
Jamie,Ball,jamieball245345@slingacademy.com,female,25,Mobile Developer,3,6500,Product
Sonya,Williams,sonyawilliams246780@slingacademy.com,female,30,Mobile Developer,4,7000,Product
Leslie,Burton,leslieburton247488@slingacademy.com,female,38,Web Developer,15,12500,Product
Daniel,Joseph,danieljoseph248143@slingacademy.com,male,32,Web Developer,10,10000,Product
Julie,Grimes,juliegrimes249118@slingacademy.com,female,32,Web Developer,10,11000,Product
Michael,Davis,michaeldavis250373@slingacademy.com,male,29,Mobile Developer,6,10000,Product
Stephen,Hoover,stephenhoover251356@slingacademy.com,male,29,Mobile Developer,6,8000,Product
Damon,Sanders,damonsanders252816@slingacademy.com,male,31,Web Developer,6,9000,Product
Adam,Pratt,adampratt253273@slingacademy.com,male,37,Web Developer,14,14000,Product
Jesse,Gonzalez,jessegonzalez254731@slingacademy.com,male,25,Web Developer,3,8500,Product
Debra,Cruz,debracruz255511@slingacademy.com,female,36,Mobile Developer,13,13500,Product
Gregory,Smith,gregorysmith256470@slingacademy.com,male,31,Mobile Developer,5,7500,Product
Natasha,Cook,natashacook257144@slingacademy.com,female,35,Web Developer,11,10500,Product
Robert,Weber,robertweber258728@slingacademy.com,male,32,Mobile Developer,7,9500,Product
Carly,Thompson,carlythompson259241@slingacademy.com,female,27,Web Developer,1,5500,Product
Maureen,Campbell,maureencampbell260229@slingacademy.com,female,29,Mobile Developer,7,9500,Product
Alex,Brown,alexbrown261949@slingacademy.com,male,31,Web Developer,5,9500,Product
Breanna,Allen,breannaallen262722@slingacademy.com,female,38,Mobile Developer,14,12000,Product
Michael,Pearson,michaelpearson263989@slingacademy.com,male,30,Web Developer,4,7000,Product
Cheryl,Lewis,cheryllewis264411@slingacademy.com,female,28,Web Developer,6,8000,Product
Megan,Brown,meganbrown265895@slingacademy.com,female,23,Web Developer,1,6500,Product
Linda,Haynes,lindahaynes266984@slingacademy.com,female,29,Mobile Developer,7,8500,Product
Kathy,Palmer,kathypalmer267804@slingacademy.com,female,36,Web Developer,12,11000,Product
Tammy,Ball,tammyball268170@slingacademy.com,female,23,Mobile Developer,1,5500,Product
Samuel,Reed,samuelreed269624@slingacademy.com,male,34,Mobile Developer,8,10000,Product
Erik,Page,erikpage270609@slingacademy.com,male,32,Web Developer,9,10500,Product
Tristan,Price,tristanprice271230@slingacademy.com,male,38,Mobile Developer,15,12500,Product
Natalie,Skinner,natalieskinner272142@slingacademy.com,female,34,Mobile Developer,12,12000,Product
Nicole,Castro,nicolecastro273516@slingacademy.com,female,34,Web Developer,9,10500,Product
Natasha,Hughes,natashahughes274687@slingacademy.com,female,28,Mobile Developer,6,9000,Product
Pamela,Herrera,pamelaherrera275422@slingacademy.com,female,32,Web Developer,6,8000,Product
Gary,Houston,garyhouston276947@slingacademy.com,male,25,Mobile Developer,1,6500,Product
Peter,Johnson,peterjohnson277327@slingacademy.com,male,27,Mobile Developer,5,7500,Product
April,Houston,aprilhouston278122@slingacademy.com,female,27,Mobile Developer,3,6500,Product
Adam,Martinez,adammartinez279637@slingacademy.com,male,35,Mobile Developer,9,11500,Product
William,Peters,williampeters280898@slingacademy.com,male,30,Web Developer,7,8500,Product
Meagan,Henderson,meaganhenderson281151@slingacademy.com,female,30,Web Developer,8,9000,Product
Charles,West,charleswest282127@slingacademy.com,male,26,Web Developer,2,8000,Product
Rebecca,Jackson,rebeccajackson283741@slingacademy.com,female,27,Mobile Developer,2,8000,Product
Alec,Maldonado,alecmaldonado284453@slingacademy.com,male,33,Mobile Developer,7,9500,Product
Michele,Edwards,micheleedwards285969@slingacademy.com,female,40,Web Developer,14,12000,Product
John,Hall,johnhall286107@slingacademy.com,male,36,Web Developer,12,13000,Product
Justin,Perry,justinperry287419@slingacademy.com,male,41,Mobile Developer,15,14500,Product
Lauren,Norton,laurennorton288284@slingacademy.com,female,27,Web Developer,3,6500,Product
Omar,Soto,omarsoto289950@slingacademy.com,male,30,Web Developer,5,8500,Product
Michael,Howard,michaelhoward290216@slingacademy.com,male,39,Web Developer,15,14500,Product
Kathleen,Green,kathleengreen291790@slingacademy.com,female,35,Mobile Developer,9,10500,Product
Kent,Thompson,kentthompson292193@slingacademy.com,male,38,Web Developer,13,11500,Product
Benjamin,Wilson,benjaminwilson293449@slingacademy.com,male,24,Mobile Developer,1,5500,Product
Steven,Vaughn,stevenvaughn294759@slingacademy.com,male,32,Mobile Developer,10,11000,Product
Michael,Tyler,michaeltyler295487@slingacademy.com,male,33,Web Developer,11,10500,Product
Richard,Lin,richardlin296285@slingacademy.com,male,28,Web Developer,6,10000,Product
Jennifer,Williams,jenniferwilliams297896@slingacademy.com,female,37,Web Developer,13,12500,Product
Shelley,Hubbard,shelleyhubbard298845@slingacademy.com,female,30,Web Developer,7,8500,Product
Sean,Choi,seanchoi299793@slingacademy.com,male,28,Web Developer,2,7000,Product
Marie,Gross,mariegross300870@slingacademy.com,female,32,Web Developer,7,8500,Product
Tracy,Leon,tracyleon301263@slingacademy.com,female,32,Web Developer,8,11000,Product
Steven,Peterson,stevenpeterson302672@slingacademy.com,male,35,Web Developer,12,11000,Product
Justin,Webster,justinwebster303292@slingacademy.com,male,32,Web Developer,8,11000,Product
Courtney,Stanley,courtneystanley304326@slingacademy.com,female,28,Web Developer,4,7000,Product
Walter,Crawford,waltercrawford305879@slingacademy.com,male,34,Web Developer,12,12000,Product
Danielle,Sparks,daniellesparks306675@slingacademy.com,female,26,Web Developer,2,8000,Product
Cheryl,Rose,cherylrose307221@slingacademy.com,female,26,Web Developer,4,7000,Product
Justin,Mann,justinmann308432@slingacademy.com,male,25,Web Developer,3,7500,Product
Vanessa,Carter,vanessacarter309183@slingacademy.com,female,26,Web Developer,1,5500,Product
Anthony,Colon,anthonycolon310698@slingacademy.com,male,34,Web Developer,12,12000,Product
April,Holland,aprilholland311155@slingacademy.com,female,37,Web Developer,15,14500,Product
Bill,Anderson,billanderson312995@slingacademy.com,male,39,Web Developer,14,14000,Product
Kelsey,Moss,kelseymoss313481@slingacademy.com,female,38,Web Developer,14,12000,Product
Maureen,Phillips,maureenphillips314243@slingacademy.com,female,26,Web Developer,2,7000,Product
Michelle,Hooper,michellehooper315396@slingacademy.com,female,29,Web Developer,4,9000,Product
Steven,Lewis,stevenlewis316274@slingacademy.com,male,34,Web Developer,11,11500,Product
Kevin,Rodriguez,kevinrodriguez317974@slingacademy.com,male,29,Web Developer,5,8500,Product
Alexandra,Bell,alexandrabell318109@slingacademy.com,female,39,Web Developer,14,13000,Product
Courtney,Mcdaniel,courtneymcdaniel319568@slingacademy.com,female,28,Web Developer,3,8500,Product
