Jose,Lopez,joselopez0944@slingacademy.com,male,25,Project Manager,1,8500,Product,2023-09-01
Diane,Carter,dianecarter1228@slingacademy.com,female,26,Machine Learning Engineer,2,7000,Product,2023-09-01
Shawn,Foster,shawnfoster2695@slingacademy.com,male,37,Project Manager,14,17000,Product,2023-09-01
Brenda,Fisher,brendafisher3185@slingacademy.com,female,31,Web Developer,8,10000,Product,2023-09-01
Sean,Hunter,seanhunter4753@slingacademy.com,male,35,Project Manager,11,14500,Product,2023-09-01
Joshua,Jacobs,joshuajacobs5904@slingacademy.com,male,28,Project Manager,3,10500,Product,2023-09-01
Brianna,Marshall,briannamarshall6438@slingacademy.com,F,33,Machine Learning Engineer,10,11000,Product,2023-09-01
John,Tate,johntate7881@slingacademy.com,male,33,Mobile Developer,10,11000,product,2023-09-01
Jillian,Byrd,jillianbyrd8170@slingacademy.com,female,34,Web Developer,10,11000,Product,2023-09-01
Melanie,Sharp,melaniesharp9256@slingacademy.com,female,41,Web Developer,15,14500,Product,2023-09-01
Brandy,Mckee,brandymckee10500@slingacademy.com,F,37,Web Developer,14,14000,Product,2023-09-01
Robert,Simpson,robertsimpson11778@slingacademy.com,male,36,DevOps Engineer,12,15000,Product,2023-09-01
George,Mckenzie,georgemckenzie12384@slingacademy.com,male,28,Machine Learning Engineer,4,10000,Product,2023-09-01
Joseph,Smith,josephsmith13724@slingacademy.com,male,40,Machine Learning Engineer,14,14000,Product,2023-09-01
Dana,Crawford,danacrawford14310@slingacademy.com,female,32,Project Manager,8,12000,Product,2023-09-01
Christopher,Benson,christopherbenson15937@slingacademy.com,M,29,Web Developer,5,7500,Product,2023-09-01
Nicole,Smith,nicolesmith16360@slingacademy.com,female,26,Designer,4,10000,Product,2023-09-01
Peter,Jimenez,peterjimenez17791@slingacademy.com,male,28,Mobile Developer,3,6500,product,2023-09-01
Sergio,Boyle,sergioboyle18425@slingacademy.com,male,31,Tester,6,9000,Product,2023-09-01
Brianna,Moss,briannamoss19517@slingacademy.com,female,31,Designer,5,10500,Product,2023-09-01
Taylor,Garner,taylorgarner20196@slingacademy.com,female,32,Machine Learning Engineer,6,11000,Product,2023-09-01
Michael,Padilla,michaelpadilla21381@slingacademy.com,M,29,Tester,5,9500,Product,2023-09-01
Yvette,Walker,yvettewalker22744@slingacademy.com,female,26,Designer,2,7000,Product,2023-09-01
Kristina,Pena,kristinapena23750@slingacademy.com,female,34,DevOps Engineer,11,12500,Product,2023-09-01
Vanessa,Reynolds,vanessareynolds24710@slingacademy.com,female,36,Machine Learning Engineer,10,13000,Product,2023-09-01
Robert,Suarez,robertsuarez25924@slingacademy.com,male,33,Tester,9,9500,Product,2023-09-01
Tammy,Ellis,tammyellis26570@slingacademy.com,female,37,HR Staff,14,14000,Human Resource,2023-09-01
Rodney,Porter,rodneyporter27496@slingacademy.com,male,28,DevOps Engineer,3,9500,Product,2023-09-01
David,Reyes,davidreyes28592@slingacademy.com,male,25,Designer,2,7000,Product,2023-09-01
Brian,Kirby,briankirby29574@slingacademy.com,male,31,Machine Learning Engineer,8,10000,Product,2023-09-01
Tammy,Walker,tammywalker30386@slingacademy.com,female,31,Web Developer,7,8500,Product,2023-09-01
Angela,Stewart,angelastewart31951@slingacademy.com,female,34,HR Manager,10,10000,Human Resource,2023-09-01
Susan,Parker,susanparker32865@slingacademy.com,female,25,DevOps Engineer,3,8500,Product,2023-09-01
Robert,Hogan,roberthogan33599@slingacademy.com,male,24,Tester,2,7000,Product,2023-09-01
Dawn,Pham,dawnpham34908@slingacademy.com,female,27,Designer,4,9000,Product,2023-09-01
Karen,Duke,karenduke35869@slingacademy.com,female,29,DevOps Engineer,6,11000,Product,2023-09-01
Julian,Thompson,julianthompson36437@slingacademy.com,male,28,Machine Learning Engineer,4,7000,Product,2023-09-01
Daisy,Perry,daisyperry37789@slingacademy.com,female,30,Tester,5,9500,Product,2023-09-01
Sarah,Smith,sarahsmith38793@slingacademy.com,female,24,Machine Learning Engineer,2,6000,Product,2023-09-01
Eric,Randolph,ericrandolph39291@slingacademy.com,male,29,Designer,5,8500,Product,2023-09-01
William,Keller,williamkeller40838@slingacademy.com,male,30,Web Developer,4,8000,Product,2023-09-01
George,Salas,georgesalas41217@slingacademy.com,male,35,Web Developer,11,10500,Product,2023-09-01
Alyssa,Archer,alyssaarcher42600@slingacademy.com,female,35,DevOps Engineer,13,15500,Product,2023-09-01
Daniel,Wagner,danielwagner43907@slingacademy.com,male,35,HR Manager,11,12500,Human Resource,2023-09-01
David,Howard,davidhoward44518@slingacademy.com,male,33,Machine Learning Engineer,9,11500,Product,2023-09-01
Brett,Friedman,brettfriedman45236@slingacademy.com,male,34,HR Manager,10,10000,Human Resource,2023-09-01
Shaun,Harris,shaunharris46875@slingacademy.com,male,23,Designer,1,6500,Product,2023-09-01
Jason,Morris,jasonmorris47229@slingacademy.com,male,28,DevOps Engineer,5,9500,Product,2023-09-01
Jesse,Mcdaniel,jessemcdaniel48348@slingacademy.com,male,35,Mobile Developer,11,11500,Product,2023-09-01
Jessica,Torres,jessicatorres49971@slingacademy.com,female,33,HR Manager,7,9500,Human Resource,2023-09-01
Bradley,Garcia,bradleygarcia50896@slingacademy.com,male,29,Designer,3,6500,Product,2023-09-01
Christopher,Walker,christopherwalker51808@slingacademy.com,male,25,Mobile Developer,1,5500,Product,2023-09-01
Jason,Boyd,jasonboyd52182@slingacademy.com,male,39,Designer,14,15000,Product,2023-09-01
Colleen,Cooper,colleencooper53362@slingacademy.com,female,32,Machine Learning Engineer,7,10500,Product,2023-09-01
Laurie,Robinson,laurierobinson54980@slingacademy.com,female,38,Mobile Developer,15,13500,Product,2023-09-01
Tiffany,Novak,tiffanynovak55365@slingacademy.com,female,35,Mobile Developer,12,12000,product,2023-09-01
Sophia,Coleman,sophiacoleman56563@slingacademy.com,female,40,Tester,15,13500,Product,2023-09-01
Jodi,Harris,jodiharris57145@slingacademy.com,female,34,DevOps Engineer,9,13500,Product,2023-09-01
Michael,Calhoun,michaelcalhoun58176@slingacademy.com,male,23,Web Developer,1,7500,Product,2023-09-01
Aaron,Tran,aarontran59178@slingacademy.com,male,40,DevOps Engineer,15,16500,Product,2023-09-01
Karen,Aguirre,karenaguirre60547@slingacademy.com,female,36,Web Developer,13,13500,Product,2023-09-01
Danielle,Morrison,daniellemorrison61394@slingacademy.com,female,31,HR Manager,7,9500,Human Resource,2023-09-01
Amanda,Thomas,amandathomas62614@slingacademy.com,female,28,Web Developer,6,9000,Product,2023-09-01
Sarah,Spencer,sarahspencer63772@slingacademy.com,female,36,Tester,14,14000,Product,2023-09-01
Jessica,Ho,jessicaho64531@slingacademy.com,female,34,DevOps Engineer,10,12000,Product,2023-09-01
Kristy,Rhodes,kristyrhodes65269@slingacademy.com,female,40,Web Developer,15,13500,Product,2023-09-01
Joseph,Hobbs,josephhobbs66797@slingacademy.com,male,26,Mobile Developer,1,7500,Product,2023-09-01
Allison,Matthews,allisonmatthews67756@slingacademy.com,female,35,Web Developer,12,12000,Product,2023-09-01
James,Phillips,jamesphillips68522@slingacademy.com,male,40,Web Developer,15,14500,Product,2023-09-01
Philip,Thomas,philipthomas69207@slingacademy.com,male,38,DevOps Engineer,12,15000,Product,2023-09-01
Dawn,Walker,dawnwalker70868@slingacademy.com,female,31,Mobile Developer,6,10000,Product,2023-09-01
Denise,Lopez,deniselopez71911@slingacademy.com,female,31,Designer,5,9500,Product,2023-09-01
Gregory,House,gregoryhouse72945@slingacademy.com,male,34,HR Manager,9,9500,Human Resource,2023-09-01
Stacie,Diaz,staciediaz73929@slingacademy.com,female,31,Machine Learning Engineer,6,11000,Product,2023-09-01
Barbara,Burns,barbaraburns74284@slingacademy.com,female,33,Web Developer,11,10500,Product,2023-09-01
Jessica,Cortez,jessicacortez75317@slingacademy.com,female,39,Tester,14,12000,Product,2023-09-01
Daniel,Hernandez,danielhernandez76747@slingacademy.com,male,33,Tester,7,9500,Product,2023-09-01
Eugene,Diaz,eugenediaz77610@slingacademy.com,male,29,Machine Learning Engineer,3,9500,Product,2023-09-01
Earl,Nelson,earlnelson78644@slingacademy.com,male,34,Web Developer,11,12500,Product,2023-09-01
Elizabeth,Jackson,elizabethjackson79562@slingacademy.com,female,28,HR Staff,3,8500,human resource,2023-09-01
John,Martinez,johnmartinez80595@slingacademy.com,male,26,Web Developer,4,7000,Product,2023-09-01
Wesley,Shaw,wesleyshaw81546@slingacademy.com,male,26,Mobile Developer,1,6500,Product,2023-09-01
Michael,Davila,michaeldavila82958@slingacademy.com,male,40,DevOps Engineer,14,16000,Product,2023-09-01
Heidi,Hill,heidihill83123@slingacademy.com,female,40,Tester,15,12500,Product,2023-09-01
Yvonne,Bass,yvonnebass84513@slingacademy.com,female,33,Tester,8,9000,Product,2023-09-01
Jamie,Jones,jamiejones85266@slingacademy.com,female,24,Web Developer,1,6500,Product,2023-09-01
Brady,Washington,bradywashington86649@slingacademy.com,male,23,Designer,1,5500,Product,2023-09-01
Michael,Rivera,michaelrivera87962@slingacademy.com,male,29,Web Developer,3,6500,Product,2023-09-01
Angela,Morales,angelamorales88595@slingacademy.com,female,28,Web Developer,4,9000,Product,2023-09-01
Larry,Moore,larrymoore89266@slingacademy.com,male,28,Web Developer,5,7500,Product,2023-09-01
Veronica,Oliver,veronicaoliver90922@slingacademy.com,female,25,Tester,2,7000,Product,2023-09-01
Clayton,Smith,claytonsmith91214@slingacademy.com,male,27,Mobile Developer,2,6000,Product,2023-09-01
Tamara,Randall,tamararandall92432@slingacademy.com,female,32,Mobile Developer,10,11000,Product,2023-09-01
Amy,Vaughn,amyvaughn93722@slingacademy.com,female,28,Designer,5,11500,Product,2023-09-01
Larry,Chapman,larrychapman94932@slingacademy.com,male,35,Designer,12,12000,Product,2023-09-01
Eugene,Mcintyre,eugenemcintyre95994@slingacademy.com,male,25,HR Manager,2,7000,Human Resource,2023-09-01
Patricia,Suarez,patriciasuarez96379@slingacademy.com,female,41,Designer,15,16500,Product,2023-09-01
Melissa,Vasquez,melissavasquez97165@slingacademy.com,female,35,DevOps Engineer,10,12000,Product,2023-09-01
Stephanie,Hodges,stephaniehodges98715@slingacademy.com,female,38,Web Developer,14,14000,Product,2023-09-01
Brian,Watkins,brianwatkins99160@slingacademy.com,male,32,Web Developer,10,11000,Product,2023-09-01
Zachary,Ellis,zacharyellis100141@slingacademy.com,male,34,Tester,12,12000,Product,2023-09-01
Mark,Maxwell,markmaxwell101603@slingacademy.com,male,28,Tester,4,9000,Product,2023-09-01
Jill,Farmer,jillfarmer102620@slingacademy.com,female,26,DevOps Engineer,4,9000,Product,2023-09-01
Rhonda,Park,rhondapark103796@slingacademy.com,female,35,DevOps Engineer,12,13000,Product,2023-09-01
Jessica,Park,jessicapark104881@slingacademy.com,female,26,HR Staff,1,5500,Human Resource,2023-09-01
Keith,Bender,keithbender105366@slingacademy.com,male,35,Machine Learning Engineer,10,10000,Product,2023-09-01
Andrew,Silva,andrewsilva106948@slingacademy.com,male,35,HR Manager,12,11000,Human Resource,2023-09-01
John,Escobar,johnescobar107306@slingacademy.com,male,34,Mobile Developer,8,10000,Product,2023-09-01
Savannah,Woods,savannahwoods108924@slingacademy.com,female,23,Web Developer,1,5500,Product,2023-09-01
Cameron,Solis,cameronsolis109983@slingacademy.com,male,36,Machine Learning Engineer,14,14000,Product,2023-09-01
Patrick,Johnson,patrickjohnson110856@slingacademy.com,male,36,Tester,12,13000,Product,2023-09-01
Nathan,Oconnor,nathanoconnor111395@slingacademy.com,male,37,Mobile Developer,11,11500,Product,2023-09-01
Felicia,Fox,feliciafox112789@slingacademy.com,female,38,Web Developer,12,11000,Product,2023-09-01
Nicole,Davis,nicoledavis113588@slingacademy.com,female,26,Web Developer,1,5500,Product,2023-09-01
Gregory,Kirk,gregorykirk114408@slingacademy.com,male,39,Machine Learning Engineer,13,11500,Product,2023-09-01
Ashley,Carrillo,ashleycarrillo115726@slingacademy.com,female,37,Tester,12,12000,Product,2023-09-01
Brandon,White,brandonwhite116729@slingacademy.com,male,31,Machine Learning Engineer,7,8500,Product,2023-09-01
Joshua,Miles,joshuamiles117429@slingacademy.com,male,29,Web Developer,5,7500,Product,2023-09-01
Gabriel,Shannon,gabrielshannon118996@slingacademy.com,male,33,DevOps Engineer,11,13500,Product,2023-09-01
Charles,Chan,charleschan119980@slingacademy.com,male,26,Machine Learning Engineer,2,7000,Product,2023-09-01
Stephanie,Hill,stephaniehill120240@slingacademy.com,female,38,DevOps Engineer,15,15500,Product,2023-09-01
Brian,Kelly,briankelly121771@slingacademy.com,male,38,DevOps Engineer,12,15000,Product,2023-09-01
Susan,Lopez,susanlopez122522@slingacademy.com,female,30,Machine Learning Engineer,8,9000,Product,2023-09-01
Logan,Edwards,loganedwards123515@slingacademy.com,male,36,Designer,14,16000,Product,2023-09-01
Ryan,Young,ryanyoung124775@slingacademy.com,male,36,DevOps Engineer,13,15500,Product,2023-09-01
Rebecca,Crawford,rebeccacrawford125111@slingacademy.com,female,37,Web Developer,13,11500,Product,2023-09-01
Leslie,Sullivan,lesliesullivan126504@slingacademy.com,female,40,Tester,15,12500,Product,2023-09-01
Andrew,Carey,andrewcarey127127@slingacademy.com,male,24,DevOps Engineer,1,9500,Product,2023-09-01
Richard,Sawyer,richardsawyer128529@slingacademy.com,male,30,Mobile Developer,8,11000,Product,2023-09-01
Garrett,Nguyen,garrettnguyen129713@slingacademy.com,male,36,Machine Learning Engineer,13,11500,Product,2023-09-01
Cody,Zuniga,codyzuniga130555@slingacademy.com,male,35,DevOps Engineer,13,15500,Product,2023-09-01
James,Johnson,jamesjohnson131504@slingacademy.com,male,31,Tester,9,9500,Product,2023-09-01
Jamie,Ruiz,jamieruiz132870@slingacademy.com,female,27,Tester,4,7000,Product,2023-09-01
Brandi,Evans,brandievans133450@slingacademy.com,female,29,Tester,5,8500,Product,2023-09-01
Jennifer,Obrien,jenniferobrien134415@slingacademy.com,female,40,Mobile Developer,14,12000,Product,2023-09-01
Whitney,Espinoza,whitneyespinoza135280@slingacademy.com,female,29,Machine Learning Engineer,7,11500,Product,2023-09-01
Brandon,Rosario,brandonrosario136801@slingacademy.com,male,26,Mobile Developer,4,8000,Product,2023-09-01
Jennifer,Rhodes,jenniferrhodes137946@slingacademy.com,female,29,Web Developer,4,8000,Product,2023-09-01
Jordan,Michael,jordanmichael138385@slingacademy.com,female,27,Mobile Developer,3,7500,Product,2023-09-01
James,Knight,jamesknight139390@slingacademy.com,male,26,Web Developer,3,8500,Product,2023-09-01
Michelle,Ramirez,michelleramirez140449@slingacademy.com,female,27,Machine Learning Engineer,3,8500,Product,2023-09-01
Peter,Mercado,petermercado141760@slingacademy.com,male,33,Mobile Developer,11,12500,Product,2023-09-01
Jason,George,jasongeorge142858@slingacademy.com,male,25,Machine Learning Engineer,2,9000,Product,2023-09-01
John,Arroyo,johnarroyo143863@slingacademy.com,male,31,Machine Learning Engineer,5,7500,Product,2023-09-01
Ashley,Mccann,ashleymccann144440@slingacademy.com,female,32,Web Developer,8,11000,Product,2023-09-01
John,Robinson,johnrobinson145915@slingacademy.com,male,31,DevOps Engineer,8,12000,Product,2023-09-01
Michael,Clark,michaelclark146199@slingacademy.com,male,32,Web Developer,6,8000,Product,2023-09-01
Julia,Howe,juliahowe147145@slingacademy.com,female,33,Web Developer,8,9000,Product,2023-09-01
John,Roy,johnroy148826@slingacademy.com,male,31,DevOps Engineer,9,11500,Product,2023-09-01
Paul,Nguyen,paulnguyen149760@slingacademy.com,male,39,Mobile Developer,14,12000,Product,2023-09-01
Chelsea,Lewis,chelsealewis150888@slingacademy.com,female,32,DevOps Engineer,10,13000,Product,2023-09-01
Austin,Bell,austinbell151766@slingacademy.com,male,40,DevOps Engineer,15,16500,Product,2023-09-01
Paul,Allen,paulallen152619@slingacademy.com,male,28,Mobile Developer,2,8000,Product,2023-09-01
Gary,Oliver,garyoliver153551@slingacademy.com,male,29,Mobile Developer,4,7000,Product,2023-09-01
Diana,Bowers,dianabowers154842@slingacademy.com,female,29,Web Developer,3,7500,Product,2023-09-01
Cody,Peters,codypeters155367@slingacademy.com,male,39,Mobile Developer,15,13500,Product,2023-09-01
Cameron,Gonzalez,camerongonzalez156781@slingacademy.com,male,35,DevOps Engineer,13,14500,Product,2023-09-01
Shelia,Benson,sheliabenson157744@slingacademy.com,female,26,Mobile Developer,3,6500,Product,2023-09-01
Jacqueline,Brooks,jacquelinebrooks158463@slingacademy.com,female,33,DevOps Engineer,10,14000,Product,2023-09-01
William,Turner,williamturner159974@slingacademy.com,male,33,Web Developer,11,12500,Product,2023-09-01
Lisa,Logan,lisalogan160552@slingacademy.com,female,37,Web Developer,15,12500,Product,2023-09-01
Jeffery,Jones,jefferyjones161216@slingacademy.com,male,37,Mobile Developer,12,12000,Product,2023-09-01
Scott,Li,scottli162771@slingacademy.com,male,30,Mobile Developer,5,8500,Product,2023-09-01
Chad,Roberson,chadroberson163525@slingacademy.com,male,34,Mobile Developer,8,11000,Product,2023-09-01
Ariana,Hernandez,arianahernandez164467@slingacademy.com,female,28,Web Developer,6,8000,Product,2023-09-01
Wanda,Forbes,wandaforbes165141@slingacademy.com,female,29,Mobile Developer,7,10500,Product,2023-09-01
Edwin,Cortez,edwincortez166250@slingacademy.com,male,33,Web Developer,9,9500,Product,2023-09-01
Sharon,Smith,sharonsmith167760@slingacademy.com,female,34,DevOps Engineer,8,11000,Product,2023-09-01
Sherry,Oliver,sherryoliver168772@slingacademy.com,female,33,DevOps Engineer,7,11500,Product,2023-09-01
Eric,Moses,ericmoses169891@slingacademy.com,male,36,Web Developer,12,12000,Product,2023-09-01
James,Ruiz,jamesruiz170534@slingacademy.com,male,27,Mobile Developer,3,8500,Product,2023-09-01
Julie,Barber,juliebarber171592@slingacademy.com,female,27,DevOps Engineer,1,7500,Product,2023-09-01
Becky,Mcpherson,beckymcpherson172514@slingacademy.com,female,28,Web Developer,5,7500,Product,2023-09-01
Nicole,Aguilar,nicoleaguilar173929@slingacademy.com,female,26,Web Developer,1,7500,Product,2023-09-01
Melissa,Lee,melissalee174832@slingacademy.com,female,32,Mobile Developer,9,9500,Product,2023-09-01
Ariana,Cochran,arianacochran175831@slingacademy.com,female,36,Web Developer,10,12000,Product,2023-09-01
Lisa,Carpenter,lisacarpenter176388@slingacademy.com,female,32,Mobile Developer,9,9500,Product,2023-09-01
Julie,Wilson,juliewilson177313@slingacademy.com,female,28,Mobile Developer,4,7000,Product,2023-09-01
Martin,Crawford,martincrawford178513@slingacademy.com,male,23,Mobile Developer,1,5500,Product,2023-09-01
Daniel,Peterson,danielpeterson179804@slingacademy.com,male,27,DevOps Engineer,5,10500,Product,2023-09-01
Eric,Lambert,ericlambert180283@slingacademy.com,male,36,Mobile Developer,10,10000,Product,2023-09-01
Marcia,Huerta,marciahuerta181175@slingacademy.com,female,32,Web Developer,6,8000,Product,2023-09-01
Jason,Ortiz,jasonortiz182754@slingacademy.com,male,33,Mobile Developer,9,9500,Product,2023-09-01
Keith,Thomas,keiththomas183439@slingacademy.com,male,28,Mobile Developer,5,9500,Product,2023-09-01
Sarah,Freeman,sarahfreeman184758@slingacademy.com,female,32,DevOps Engineer,9,13500,Product,2023-09-01
Michael,Galvan,michaelgalvan185989@slingacademy.com,male,28,Web Developer,2,8000,Product,2023-09-01
Michael,Warner,michaelwarner186194@slingacademy.com,male,29,Mobile Developer,5,7500,Product,2023-09-01
Larry,Thompson,larrythompson187420@slingacademy.com,male,39,Web Developer,14,12000,Product,2023-09-01
James,Miller,jamesmiller188412@slingacademy.com,male,37,Mobile Developer,15,13500,Product,2023-09-01
James,Steele,jamessteele189191@slingacademy.com,male,35,Web Developer,10,10000,Product,2023-09-01
Joseph,Beck,josephbeck190237@slingacademy.com,male,35,Mobile Developer,11,12500,Product,2023-09-01
Wayne,Cohen,waynecohen191993@slingacademy.com,male,31,Web Developer,8,11000,Product,2023-09-01
Bailey,Reilly,baileyreilly192786@slingacademy.com,female,26,Mobile Developer,1,5500,Product,2023-09-01
Yolanda,Smith,yolandasmith193826@slingacademy.com,female,30,Mobile Developer,7,10500,Product,2023-09-01
Kathleen,Leblanc,kathleenleblanc194890@slingacademy.com,female,29,Web Developer,4,9000,Product,2023-09-01
Christina,Garza,christinagarza195263@slingacademy.com,female,27,DevOps Engineer,4,9000,Product,2023-09-01
Jennifer,Jarvis,jenniferjarvis196139@slingacademy.com,female,28,Mobile Developer,6,9000,Product,2023-09-01
Jesse,Smith,jessesmith197279@slingacademy.com,male,37,Web Developer,11,12500,Product,2023-09-01
Melissa,Richardson,melissarichardson198110@slingacademy.com,female,29,Mobile Developer,5,9500,Product,2023-09-01
Michele,Stewart,michelestewart199951@slingacademy.com,female,29,DevOps Engineer,7,12500,Product,2023-09-01
Jeremy,Gilbert,jeremygilbert200282@slingacademy.com,male,29,Mobile Developer,4,9000,Product,2023-09-01
Kevin,Valentine,kevinvalentine201488@slingacademy.com,male,33,Web Developer,10,11000,Product,2023-09-01
Suzanne,Hurst,suzannehurst202425@slingacademy.com,female,26,Mobile Developer,3,7500,Product,2023-09-01
Janet,Stephens,janetstephens203449@slingacademy.com,female,36,Web Developer,14,12000,Product,2023-09-01
Michael,Hoover,michaelhoover204983@slingacademy.com,male,38,DevOps Engineer,13,15500,Product,2023-09-01
Terry,Jones,terryjones205228@slingacademy.com,male,34,Web Developer,10,12000,Product,2023-09-01
Breanna,Love,breannalove206374@slingacademy.com,female,26,Web Developer,2,8000,Product,2023-09-01
Elijah,Mcguire,elijahmcguire207166@slingacademy.com,male,28,Web Developer,2,8000,Product,2023-09-01
Paige,Bell,paigebell208379@slingacademy.com,female,34,Mobile Developer,10,12000,Product,2023-09-01
Lauren,Logan,laurenlogan209754@slingacademy.com,female,29,Web Developer,3,6500,Product,2023-09-01
Gary,Watson,garywatson210844@slingacademy.com,male,35,Mobile Developer,12,12000,Product,2023-09-01
Andrea,Miller,andreamiller211593@slingacademy.com,female,38,Web Developer,13,13500,Product,2023-09-01
Stephen,Anderson,stephenanderson212709@slingacademy.com,male,29,Web Developer,6,10000,Product,2023-09-01
Erica,Montgomery,ericamontgomery213699@slingacademy.com,female,26,Web Developer,2,8000,Product,2023-09-01
Mitchell,Olson,mitchellolson214954@slingacademy.com,male,25,Mobile Developer,3,7500,Product,2023-09-01
Brenda,Leonard,brendaleonard215112@slingacademy.com,female,23,Mobile Developer,1,7500,Product,2023-09-01
Sandra,Scott,sandrascott216500@slingacademy.com,female,28,Web Developer,5,8500,Product,2023-09-01
Terry,Jackson,terryjackson217122@slingacademy.com,male,39,Web Developer,14,13000,Product,2023-09-01
John,Palmer,johnpalmer218164@slingacademy.com,male,37,Mobile Developer,14,14000,Product,2023-09-01
Brenda,Tapia,brendatapia219999@slingacademy.com,female,37,Web Developer,11,11500,Product,2023-09-01
Donald,Gordon,donaldgordon220327@slingacademy.com,male,32,Mobile Developer,6,9000,Product,2023-09-01
David,Long,davidlong221467@slingacademy.com,male,33,Mobile Developer,11,11500,Product,2023-09-01
Michael,Pratt,michaelpratt222638@slingacademy.com,male,38,Mobile Developer,12,12000,Product,2023-09-01
Jessica,West,jessicawest223110@slingacademy.com,female,32,Mobile Developer,10,12000,Product,2023-09-01
David,Jennings,davidjennings224703@slingacademy.com,male,41,Web Developer,15,12500,Product,2023-09-01
Alicia,Perry,aliciaperry225119@slingacademy.com,female,27,Mobile Developer,1,7500,Product,2023-09-01
Karen,Marsh,karenmarsh226577@slingacademy.com,female,28,Web Developer,3,7500,Product,2023-09-01
Richard,Holder,richardholder227991@slingacademy.com,male,35,Web Developer,10,11000,Product,2023-09-01
Ryan,Ponce,ryanponce228931@slingacademy.com,male,33,Mobile Developer,7,9500,Product,2023-09-01
Eddie,Riley,eddieriley229421@slingacademy.com,male,25,Mobile Developer,1,7500,Product,2023-09-01
Zachary,Scott,zacharyscott230288@slingacademy.com,male,27,Mobile Developer,2,8000,Product,2023-09-01
Kenneth,Nelson,kennethnelson231464@slingacademy.com,male,32,Mobile Developer,8,10000,Product,2023-09-01
Edgar,Lane,edgarlane232635@slingacademy.com,male,28,Web Developer,6,10000,Product,2023-09-01
Jeremy,Cox,jeremycox233206@slingacademy.com,male,31,Web Developer,5,9500,Product,2023-09-01
Rhonda,Hernandez,rhondahernandez234932@slingacademy.com,female,37,Mobile Developer,15,14500,Product,2023-09-01
Ashley,Gilbert,ashleygilbert235162@slingacademy.com,female,33,Mobile Developer,9,11500,Product,2023-09-01
Shawn,Shaw,shawnshaw236298@slingacademy.com,male,36,Mobile Developer,13,12500,Product,2023-09-01
Ryan,Davis,ryandavis237462@slingacademy.com,male,29,Mobile Developer,3,8500,Product,2023-09-01
Kristin,Bradley,kristinbradley238626@slingacademy.com,female,34,Web Developer,12,11000,Product,2023-09-01
Christopher,Drake,christopherdrake239403@slingacademy.com,male,31,Mobile Developer,9,9500,Product,2023-09-01
Justin,Clark,justinclark240285@slingacademy.com,male,30,Web Developer,8,11000,Product,2023-09-01
Scott,Owens,scottowens241483@slingacademy.com,male,35,Web Developer,11,12500,Product,2023-09-01
Rebecca,Nelson,rebeccanelson242256@slingacademy.com,female,23,Mobile Developer,1,7500,Product,2023-09-01
Erin,Green,eringreen243810@slingacademy.com,female,23,Web Developer,1,6500,Product,2023-09-01
Paul,Page,paulpage244408@slingacademy.com,male,26,Mobile Developer,1,5500,Product,2023-09-01
Jamie,Ball,jamieball245345@slingacademy.com,female,25,Mobile Developer,3,6500,Product,2023-09-01
Sonya,Williams,sonyawilliams246780@slingacademy.com,female,30,Mobile Developer,4,7000,Product,2023-09-01
Leslie,Burton,leslieburton247488@slingacademy.com,female,38,Web Developer,15,12500,Product,2023-09-01
Daniel,Joseph,danieljoseph248143@slingacademy.com,male,32,Web Developer,10,10000,Product,2023-09-01
Julie,Grimes,juliegrimes249118@slingacademy.com,female,32,Web Developer,10,11000,Product,2023-09-01
Michael,Davis,michaeldavis250373@slingacademy.com,male,29,Mobile Developer,6,10000,Product,2023-09-01
Stephen,Hoover,stephenhoover251356@slingacademy.com,male,29,Mobile Developer,6,8000,Product,2023-09-01
Damon,Sanders,damonsanders252816@slingacademy.com,male,31,Web Developer,6,9000,Product,2023-09-01
Adam,Pratt,adampratt253273@slingacademy.com,male,37,Web Developer,14,14000,Product,2023-09-01
Jesse,Gonzalez,jessegonzalez254731@slingacademy.com,male,25,Web Developer,3,8500,Product,2023-09-01
Debra,Cruz,debracruz255511@slingacademy.com,female,36,Mobile Developer,13,13500,Product,2023-09-01
Gregory,Smith,gregorysmith256470@slingacademy.com,male,31,Mobile Developer,5,7500,Product,2023-09-01
Natasha,Cook,natashacook257144@slingacademy.com,female,35,Web Developer,11,10500,Product,2023-09-01
Robert,Weber,robertweber258728@slingacademy.com,male,32,Mobile Developer,7,9500,Product,2023-09-01
Carly,Thompson,carlythompson259241@slingacademy.com,female,27,Web Developer,1,5500,Product,2023-09-01
Maureen,Campbell,maureencampbell260229@slingacademy.com,female,29,Mobile Developer,7,9500,Product,2023-09-01
Alex,Brown,alexbrown261949@slingacademy.com,male,31,Web Developer,5,9500,Product,2023-09-01
Breanna,Allen,breannaallen262722@slingacademy.com,female,38,Mobile Developer,14,12000,Product,2023-09-01
Michael,Pearson,michaelpearson263989@slingacademy.com,male,30,Web Developer,4,7000,Product,2023-09-01
Cheryl,Lewis,cheryllewis264411@slingacademy.com,female,28,Web Developer,6,8000,Product,2023-09-01
Megan,Brown,meganbrown265895@slingacademy.com,female,23,Web Developer,1,6500,Product,2023-09-01
Linda,Haynes,lindahaynes266984@slingacademy.com,female,29,Mobile Developer,7,8500,Product,2023-09-01
Kathy,Palmer,kathypalmer267804@slingacademy.com,female,36,Web Developer,12,11000,Product,2023-09-01
Tammy,Ball,tammyball268170@slingacademy.com,female,23,Mobile Developer,1,5500,Product,2023-09-01
Samuel,Reed,samuelreed269624@slingacademy.com,male,34,Mobile Developer,8,10000,Product,2023-09-01
Erik,Page,erikpage270609@slingacademy.com,male,32,Web Developer,9,10500,Product,2023-09-01
Tristan,Price,tristanprice271230@slingacademy.com,male,38,Mobile Developer,15,12500,Product,2023-09-01
Natalie,Skinner,natalieskinner272142@slingacademy.com,female,34,Mobile Developer,12,12000,Product,2023-09-01
Nicole,Castro,nicolecastro273516@slingacademy.com,female,34,Web Developer,9,10500,Product,2023-09-01
Natasha,Hughes,natashahughes274687@slingacademy.com,female,28,Mobile Developer,6,9000,Product,2023-09-01
Pamela,Herrera,pamelaherrera275422@slingacademy.com,female,32,Web Developer,6,8000,Product,2023-09-01
Gary,Houston,garyhouston276947@slingacademy.com,male,25,Mobile Developer,1,6500,Product,2023-09-01
Peter,Johnson,peterjohnson277327@slingacademy.com,male,27,Mobile Developer,5,7500,Product,2023-09-01
April,Houston,aprilhouston278122@slingacademy.com,female,27,Mobile Developer,3,6500,Product,2023-09-01
Adam,Martinez,adammartinez279637@slingacademy.com,male,35,Mobile Developer,9,11500,Product,2023-09-01
William,Peters,williampeters280898@slingacademy.com,male,30,Web Developer,7,8500,Product,2023-09-01
Meagan,Henderson,meaganhenderson281151@slingacademy.com,female,30,Web Developer,8,9000,Product,2023-09-01
Charles,West,charleswest282127@slingacademy.com,male,26,Web Developer,2,8000,Product,2023-09-01
Rebecca,Jackson,rebeccajackson283741@slingacademy.com,female,27,Mobile Developer,2,8000,Product,2023-09-01
Alec,Maldonado,alecmaldonado284453@slingacademy.com,male,33,Mobile Developer,7,9500,Product,2023-09-01
Michele,Edwards,micheleedwards285969@slingacademy.com,female,40,Web Developer,14,12000,Product,2023-09-01
John,Hall,johnhall286107@slingacademy.com,male,36,Web Developer,12,13000,Product,2023-09-01
Justin,Perry,justinperry287419@slingacademy.com,male,41,Mobile Developer,15,14500,Product,2023-09-01
Lauren,Norton,laurennorton288284@slingacademy.com,female,27,Web Developer,3,6500,Product,2023-09-01
Omar,Soto,omarsoto289950@slingacademy.com,male,30,Web Developer,5,8500,Product,2023-09-01
Michael,Howard,michaelhoward290216@slingacademy.com,male,39,Web Developer,15,14500,Product,2023-09-01
Kathleen,Green,kathleengreen291790@slingacademy.com,female,35,Mobile Developer,9,10500,Product,2023-09-01
Kent,Thompson,kentthompson292193@slingacademy.com,male,38,Web Developer,13,11500,Product,2023-09-01
Benjamin,Wilson,benjaminwilson293449@slingacademy.com,male,24,Mobile Developer,1,5500,Product,2023-09-01
Steven,Vaughn,stevenvaughn294759@slingacademy.com,male,32,Mobile Developer,10,11000,Product,2023-09-01
Michael,Tyler,michaeltyler295487@slingacademy.com,male,33,Web Developer,11,10500,Product,2023-09-01
Richard,Lin,richardlin296285@slingacademy.com,male,28,Web Developer,6,10000,Product,2023-09-01
Jennifer,Williams,jenniferwilliams297896@slingacademy.com,female,37,Web Developer,13,12500,Product,2023-09-01
Shelley,Hubbard,shelleyhubbard298845@slingacademy.com,female,30,Web Developer,7,8500,Product,2023-09-01
Sean,Choi,seanchoi299793@slingacademy.com,male,28,Web Developer,2,7000,Product,2023-09-01
Marie,Gross,mariegross300870@slingacademy.com,female,32,Web Developer,7,8500,Product,2023-09-01
Tracy,Leon,tracyleon301263@slingacademy.com,female,32,Web Developer,8,11000,Product,2023-09-01
Steven,Peterson,stevenpeterson302672@slingacademy.com,male,35,Web Developer,12,11000,Product,2023-09-01
Justin,Webster,justinwebster303292@slingacademy.com,male,32,Web Developer,8,11000,Product,2023-09-01
Courtney,Stanley,courtneystanley304326@slingacademy.com,female,28,Web Developer,4,7000,Product,2023-09-01
Walter,Crawford,waltercrawford305879@slingacademy.com,male,34,Web Developer,12,12000,Product,2023-09-01
Danielle,Sparks,daniellesparks306675@slingacademy.com,female,26,Web Developer,2,8000,Product,2023-09-01
Cheryl,Rose,cherylrose307221@slingacademy.com,female,26,Web Developer,4,7000,Product,2023-09-01
Justin,Mann,justinmann308432@slingacademy.com,male,25,Web Developer,3,7500,Product,2023-09-01
Vanessa,Carter,vanessacarter309183@slingacademy.com,female,26,Web Developer,1,5500,Product,2023-09-01
Anthony,Colon,anthonycolon310698@slingacademy.com,male,34,Web Developer,12,12000,Product,2023-09-01
April,Holland,aprilholland311155@slingacademy.com,female,37,Web Developer,15,14500,Product,2023-09-01
Bill,Anderson,billanderson312995@slingacademy.com,male,39,Web Developer,14,14000,Product,2023-09-01
Kelsey,Moss,kelseymoss313481@slingacademy.com,female,38,Web Developer,14,12000,Product,2023-09-01
Maureen,Phillips,maureenphillips314243@slingacademy.com,female,26,Web Developer,2,7000,Product,2023-09-01
Michelle,Hooper,michellehooper315396@slingacademy.com,female,29,Web Developer,4,9000,Product,2023-09-01
Steven,Lewis,stevenlewis316274@slingacademy.com,male,34,Web Developer,11,11500,Product,2023-09-01
Kevin,Rodriguez,kevinrodriguez317974@slingacademy.com,male,29,Web Developer,5,8500,Product,2023-09-01
Alexandra,Bell,alexandrabell318109@slingacademy.com,female,39,Web Developer,14,13000,Product,2023-09-01
Courtney,Mcdaniel,courtneymcdaniel319568@slingacademy.com,female,28,Web Developer,3,8500,Product,2023-09-01
